{"cameraMode":{"drawMode":0,"name":"Shaded","section":"Shading Mode"},"sceneLighting":true,"audioPlay":false,"sceneViewState":{"m_AlwaysRefresh":false,"showFog":true,"showSkybox":true,"showFlares":true,"showImageEffects":true,"showParticleSystems":true,"showVisualEffectGraphs":true,"m_FxEnabled":true},"in2DMode":false,"pivot":{"x":481.63385009765627,"y":301.8928527832031,"z":-1.9569908380508423},"rotation":{"x":-0.010809704661369324,"y":-0.0009041018201969564,"z":-0.000014788897715334315,"w":-0.9999642372131348},"size":245.32803344726563,"orthographic":false}