{"cameraMode":{"drawMode":0,"name":"Shaded","section":"Shading Mode"},"sceneLighting":true,"audioPlay":false,"sceneViewState":{"m_AlwaysRefresh":false,"showFog":true,"showSkybox":true,"showFlares":true,"showImageEffects":true,"showParticleSystems":true,"showVisualEffectGraphs":true,"m_FxEnabled":true},"in2DMode":false,"pivot":{"x":0.2770671844482422,"y":1.7428207397460938,"z":9.408823013305664},"rotation":{"x":0.030363066121935846,"y":-0.26604369282722475,"z":0.00836531538516283,"w":0.9634712338447571},"size":11.860982894897461,"orthographic":false}