{"cameraMode":{"drawMode":0,"name":"Shaded","section":"Shading Mode"},"sceneLighting":true,"audioPlay":false,"sceneViewState":{"m_AlwaysRefresh":false,"showFog":true,"showSkybox":true,"showFlares":true,"showImageEffects":true,"showParticleSystems":true,"showVisualEffectGraphs":true,"m_FxEnabled":true},"in2DMode":false,"pivot":{"x":3.0719847679138185,"y":0.821611762046814,"z":1.1017357110977173},"rotation":{"x":0.040778618305921558,"y":0.6819297671318054,"z":-0.038062743842601779,"w":0.7293402552604675},"size":2.2206366062164308,"orthographic":false}