{"cameraMode":{"drawMode":0,"name":"Shaded","section":"Shading Mode"},"sceneLighting":true,"audioPlay":false,"sceneViewState":{"m_AlwaysRefresh":false,"showFog":true,"showSkybox":true,"showFlares":true,"showImageEffects":true,"showParticleSystems":true,"showVisualEffectGraphs":true,"m_FxEnabled":true},"in2DMode":false,"pivot":{"x":50.986873626708987,"y":48.045597076416019,"z":-189.05201721191407},"rotation":{"x":0.161257803440094,"y":-0.2852959632873535,"z":0.049658577889204028,"w":0.9437267184257507},"size":90.66063690185547,"orthographic":false}