{"cameraMode":{"drawMode":0,"name":"Shaded","section":"Shading Mode"},"sceneLighting":true,"audioPlay":false,"sceneViewState":{"m_AlwaysRefresh":false,"showFog":true,"showSkybox":true,"showFlares":true,"showImageEffects":true,"showParticleSystems":true,"showVisualEffectGraphs":true,"m_FxEnabled":true},"in2DMode":false,"pivot":{"x":7.901668071746826,"y":0.8664761185646057,"z":5.013484001159668},"rotation":{"x":-0.010809704661369324,"y":-0.0009041018201969564,"z":-0.000014788897715334315,"w":-0.9999642372131348},"size":4.001281261444092,"orthographic":false}